request_id,amount_safe_to_pay,affordability_status,recommended_payment_method,payment_plan,earliest_date_for_full_payment,spending_changes_needed,decision_explanation
request_26,15656000,affordable_now,full_payment,2025-08-03:15656000,2025-08-03,none,"Pay IDR 15,656,000 today. This leaves at least IDR 24,768,300 available over the next 90 days."
request_27,6670,affordable_now,full_payment,2026-07-05:6670,2026-07-05,none,"Pay ZAR 6,670 today. This leaves at least ZAR 20,500 available over the next 90 days."
request_28,0,not_affordable,not_recommended,none,,none,"Do not make this payment by 15 August 2024. None of the available options keeps the EUR 1,100 minimum protected."
request_29,1189.56,not_affordable,not_recommended,none,,none,"Do not make this payment by 23 November 2025. None of the available options keeps the ZAR 28,300 minimum protected."
request_30,775.2,affordable_with_plan,installments,2026-04-06:775.20,2026-04-06,none,"Use 1 installments of USD 775.20, starting 6 April 2026. This leaves at least USD 900 available."
request_31,2708648.84,affordable_later,wait,2024-11-15:18164000,2024-11-15,none,"Pay IDR 18,164,000 in full on 15 November 2024. Paying earlier would take the balance below the IDR 16,588,900 minimum."
request_32,13191.25,not_affordable,not_recommended,none,,none,"Do not make this payment by 15 April 2025. None of the available options keeps the ZAR 35,700 minimum protected."
request_33,30750.14,affordable_later,wait,2026-03-15:118000,2026-03-15,none,"Pay INR 118,000 in full on 15 March 2026. Paying earlier would take the balance below the INR 102,100 minimum."
request_34,129400,affordable_now,full_payment,2024-12-04:129400,2024-12-04,none,"Pay INR 129,400 today. This leaves at least INR 138,500 available over the next 90 days."
request_35,24209.82,affordable_later,wait,2026-01-15:212000,2026-01-15,none,"Pay INR 212,000 in full on 15 January 2026. Paying earlier would take the balance below the INR 106,400 minimum."
request_36,582.55,not_affordable,not_recommended,none,,none,"Do not make this payment by 15 September 2026. None of the available options keeps the USD 2,400 minimum protected."
request_37,0,not_affordable,not_recommended,none,,none,"Do not make this payment by 15 May 2024. None of the available options keeps the IDR 17,056,200 minimum protected."
request_38,176.13,affordable_later,wait,2025-10-15:971.30,2025-10-15,none,Pay EUR 971.30 in full on 15 October 2025. Paying earlier would take the balance below the EUR 400 minimum.
request_39,53813.48,affordable_later,wait,2026-06-15:208600,2026-06-15,none,"Pay INR 208,600 in full on 15 June 2026. Paying earlier would take the balance below the INR 213,400 minimum."
request_40,349.93,not_affordable,not_recommended,none,,none,"Do not make this payment by 15 August 2024. None of the available options keeps the EUR 1,500 minimum protected."
request_41,8389121.46,affordable_later,wait,2026-01-15:38760000,2026-01-15,none,"Pay IDR 38,760,000 in full on 15 January 2026. Paying earlier would take the balance below the IDR 25,366,600 minimum."
request_42,28546.46,not_affordable,not_recommended,none,,none,"Do not make this payment by 15 March 2026. None of the available options keeps the INR 113,100 minimum protected."
request_43,8461220.46,affordable_later,wait,2024-11-15:43339000,2024-11-15,none,"Pay IDR 43,339,000 in full on 15 November 2024. Paying earlier would take the balance below the IDR 21,398,000 minimum."
request_44,34614.93,not_affordable,not_recommended,none,,none,"Do not make this payment by 15 April 2025. None of the available options keeps the INR 82,900 minimum protected."
request_45,3442930.26,affordable_later,wait,2026-09-15:21983000,2026-09-15,none,"Pay IDR 21,983,000 in full on 15 September 2026. Paying earlier would take the balance below the IDR 11,149,800 minimum."
request_46,35500.19,affordable_with_plan,partial_payment,2024-12-03:35500.19|2024-12-15:13949.81,2024-12-15,none,"Pay INR 35,500.19 today and the remaining INR 13,949.81 on 15 December 2024. This completes the full request and keeps the INR 84,000 minimum protected."
request_47,26573254.54,not_affordable,not_recommended,none,,none,"Do not make this payment by 19 June 2025. None of the available options keeps the IDR 30,049,000 minimum protected."
request_48,45700,affordable_now,full_payment,2026-07-25:45700,2026-07-25,none,"Pay INR 45,700 today. This leaves at least INR 71,300 available over the next 90 days."
request_49,12312899.51,affordable_with_plan,installments,2024-03-18:11902106.67|2024-04-18:11902106.67|2024-05-19:11902106.67,2024-05-15,reduce_to:event_4636:696350,"Use 3 installments of IDR 11,902,106.67, starting 18 March 2024. This leaves at least IDR 20,275,700 available."
request_50,42377.21,affordable_with_plan,full_payment,2025-08-06:43900,2025-10-15,reduce_to:event_4680:1928,"Reduce the household shopping to INR 1,928, then pay INR 43,900 today. This leaves at least INR 99,700 available."
request_51,2191000,affordable_now,full_payment,2026-01-03:2191000,2026-01-03,none,"Pay IDR 2,191,000 today. This leaves at least IDR 7,811,000 available over the next 90 days."
request_52,18941.76,affordable_later,wait,2024-06-15:28870,2024-06-15,none,"Pay INR 28,870 in full on 15 June 2024. Paying earlier would take the balance below the INR 41,500 minimum."
request_53,475.46,affordable_with_plan,installments,2025-11-21:589.06|2025-12-19:589.06|2026-01-16:589.06,2026-01-15,none,"Use 3 installments of USD 589.06, starting 21 November 2025. This leaves at least USD 2,100 available."
request_54,2224.85,not_affordable,not_recommended,none,,none,"Do not make this payment by 21 August 2026. None of the available options keeps the ZAR 37,000 minimum protected."
request_55,142538.18,affordable_with_plan,installments,2026-06-11:75781.33|2026-07-12:75781.33|2026-08-12:75781.33,2026-07-15,none,"Use 3 installments of INR 75,781.33, starting 11 June 2026. This leaves at least INR 124,300 available."
request_56,627.4,affordable_with_plan,partial_payment,2025-02-03:627.40|2025-02-15:254.16,2025-02-15,none,"Pay USD 627.40 today and the remaining USD 254.16 on 15 February 2025. This completes the full request and keeps the USD 2,100 minimum protected."
request_57,12560.65,affordable_later,wait,2026-06-15:61446,2026-06-15,none,"Pay ZAR 61,446 in full on 15 June 2026. Paying earlier would take the balance below the ZAR 42,700 minimum."
request_58,15330480.38,affordable_with_plan,full_payment,2024-12-07:16226000,,stop:event_5358,"Stop the community fitness plan, then pay IDR 16,226,000 today. This leaves at least IDR 14,433,900 available."
request_59,140600,affordable_with_plan,installments,2025-05-04:140600,2025-05-04,none,"Use 1 installments of INR 140,600, starting 4 May 2025. This leaves at least INR 132,600 available."
request_60,117.04,affordable_later,wait,2026-02-15:199.89,2026-02-15,none,Pay USD 199.89 in full on 15 February 2026. Paying earlier would take the balance below the USD 400 minimum.
request_61,29062,affordable_with_plan,installments,2024-03-03:29062,2024-03-03,none,"Use 1 installments of ZAR 29,062, starting 3 March 2024. This leaves at least ZAR 36,700 available."
request_62,404.23,affordable_now,full_payment,2025-08-05:404.23,2025-08-05,none,"Pay USD 404.23 today. This leaves at least USD 1,300 available over the next 90 days."
request_63,38131.04,not_affordable,not_recommended,none,,none,"Do not make this payment by 17 September 2026. None of the available options keeps the INR 153,500 minimum protected."
request_64,0,not_affordable,not_recommended,none,,none,"Do not make this payment by 16 August 2024. None of the available options keeps the INR 36,100 minimum protected."
request_65,5789.17,not_affordable,not_recommended,none,,none,"Do not make this payment by 25 November 2025. None of the available options keeps the ZAR 15,500 minimum protected."
request_66,22200,affordable_now,full_payment,2026-04-03:22200,2026-04-03,none,"Pay INR 22,200 today. This leaves at least INR 80,700 available over the next 90 days."
request_67,314.52,affordable_later,wait,2024-11-15:2094,2024-11-15,none,"Pay USD 2,094 in full on 15 November 2024. Paying earlier would take the balance below the USD 1,200 minimum."
request_68,1328.53,affordable_with_plan,installments,2025-02-14:725.09|2025-03-14:725.09|2025-04-11:725.09,2025-03-15,none,"Use 3 installments of USD 725.09, starting 14 February 2025. This leaves at least USD 1,500 available."
request_69,529.1,affordable_now,full_payment,2026-01-04:529.10,2026-01-04,none,Pay EUR 529.10 today. This leaves at least EUR 700 available over the next 90 days.
request_70,49678.52,affordable_later,wait,2025-02-15:243900,2025-02-15,none,"Pay INR 243,900 in full on 15 February 2025. Paying earlier would take the balance below the INR 115,000 minimum."
request_71,0,not_affordable,not_recommended,none,,none,"Do not make this payment by 28 May 2025. None of the available options keeps the IDR 8,884,800 minimum protected."
request_72,11330,affordable_now,full_payment,2026-07-05:11330,2026-07-05,none,"Pay ZAR 11,330 today. This leaves at least ZAR 12,200 available over the next 90 days."
request_73,71400,affordable_now,full_payment,2023-01-20:71400,2023-01-20,none,"Pay INR 71,400 today. This leaves at least INR 103,200 available over the next 90 days."
request_74,5010,affordable_now,full_payment,2025-08-04:5010,2025-08-04,none,"Pay ZAR 5,010 today. This leaves at least ZAR 21,900 available over the next 90 days."
request_75,12640.99,not_affordable,not_recommended,none,,none,"Do not make this payment by 12 June 2026. None of the available options keeps the ZAR 39,000 minimum protected."
request_76,217.96,not_affordable,not_recommended,none,,none,"Do not make this payment by 30 July 2024. None of the available options keeps the USD 1,800 minimum protected."
request_77,59243.57,not_affordable,not_recommended,none,,none,"Do not make this payment by 14 November 2025. None of the available options keeps the INR 82,200 minimum protected."
request_78,45993.24,not_affordable,not_recommended,none,,none,"Do not make this payment by 14 October 2025. None of the available options keeps the INR 55,200 minimum protected."
request_79,296.28,not_affordable,not_recommended,none,,none,"Do not make this payment by 1 November 2024. None of the available options keeps the EUR 1,000 minimum protected."
request_80,0,not_affordable,not_recommended,none,,none,"Do not make this payment by 21 February 2025. None of the available options keeps the INR 121,300 minimum protected."
request_81,2076,affordable_now,full_payment,2026-07-03:2076,2026-07-03,none,"Pay USD 2,076 today. This leaves at least USD 1,600 available over the next 90 days."
request_82,0,not_affordable,not_recommended,none,,none,"Do not make this payment by 15 February 2025. None of the available options keeps the USD 1,100 minimum protected."
request_83,6877.71,not_affordable,not_recommended,none,,none,"Do not make this payment by 17 June 2025. None of the available options keeps the INR 37,800 minimum protected."
request_84,32209.31,affordable_later,wait,2026-06-15:95400,2026-06-15,none,"Pay INR 95,400 in full on 15 June 2026. Paying earlier would take the balance below the INR 91,300 minimum."
request_85,397531.19,not_affordable,not_recommended,none,,none,"Do not make this payment by 26 April 2024. None of the available options keeps the IDR 6,396,300 minimum protected."
request_86,46300,affordable_now,full_payment,2025-08-03:46300,2025-08-03,none,"Pay INR 46,300 today. This leaves at least INR 84,900 available over the next 90 days."
request_87,19008.27,not_affordable,not_recommended,none,,none,"Do not make this payment by 15 March 2026. None of the available options keeps the INR 185,900 minimum protected."
request_88,10702.77,affordable_with_plan,installments,2024-06-14:9045.23|2024-07-15:9045.23|2024-08-15:9045.23,2024-07-15,none,"Use 3 installments of ZAR 9,045.23, starting 14 June 2024. This leaves at least ZAR 25,800 available."
request_89,9301884.64,affordable_with_plan,installments,2025-11-18:4768746.67|2025-12-16:4768746.67|2026-01-13:4768746.67,2026-01-15,stop:event_8335|reduce_to:event_8337:266760|reduce_to:event_8403:203300,"Use 3 installments of IDR 4,768,746.67, starting 18 November 2025. This leaves at least IDR 12,534,700 available."
request_90,2560,affordable_now,full_payment,2026-07-06:2560,2026-07-06,none,"Pay ZAR 2,560 today. This leaves at least ZAR 7,600 available over the next 90 days."
request_91,462.45,affordable_later,wait,2024-11-15:1927.20,2024-11-15,none,"Pay EUR 1,927.20 in full on 15 November 2024. Paying earlier would take the balance below the EUR 2,100 minimum."
request_92,925.4,not_affordable,not_recommended,none,,none,"Do not make this payment by 14 February 2025. None of the available options keeps the ZAR 28,100 minimum protected."
request_93,1729.2,affordable_now,full_payment,2026-04-07:1729.20,2026-04-07,none,"Pay USD 1,729.20 today. This leaves at least USD 1,900 available over the next 90 days."
request_94,572,affordable_now,full_payment,2024-12-04:572,2024-12-04,none,Pay EUR 572 today. This leaves at least EUR 600 available over the next 90 days.
request_95,5701.4,not_affordable,not_recommended,none,,none,"Do not make this payment by 14 July 2025. None of the available options keeps the INR 145,500 minimum protected."
request_96,73658.06,affordable_with_plan,installments,2026-01-10:31269.33|2026-02-09:31269.33|2026-03-11:31269.33,2026-02-15,none,"Use 3 installments of INR 31,269.33, starting 10 January 2026. This leaves at least INR 56,500 available."
request_97,1531.49,affordable_with_plan,installments,2024-03-19:8145.28|2024-04-19:8145.28|2024-05-20:8145.28,2024-04-15,none,"Use 3 installments of ZAR 8,145.28, starting 19 March 2024. This leaves at least ZAR 29,700 available."
request_98,0,not_affordable,not_recommended,none,,none,"Do not make this payment by 15 October 2025. None of the available options keeps the ZAR 30,000 minimum protected."
request_99,17638.73,affordable_with_plan,full_payment,2026-07-04:18062,2026-07-15,reduce_to:event_9232:1065.9,"Reduce the family dinner to ZAR 1,065.90, then pay ZAR 18,062 today. This leaves at least ZAR 49,100 available."
request_100,25540.19,affordable_with_plan,installments,2024-06-13:12866.19|2024-07-14:12866.19|2024-08-14:12866.19,2024-07-15,none,"Use 3 installments of ZAR 12,866.19, starting 13 June 2024. This leaves at least ZAR 32,500 available."
request_101,143500,affordable_now,full_payment,2025-11-03:143500,2025-11-03,none,"Pay INR 143,500 today. This leaves at least INR 187,400 available over the next 90 days."
request_102,1716,affordable_with_plan,installments,2026-04-05:1716,2026-04-05,none,"Use 1 installments of EUR 1,716, starting 5 April 2026. This leaves at least EUR 900 available."
request_103,3231.62,not_affordable,not_recommended,none,,none,"Do not make this payment by 7 October 2024. None of the available options keeps the INR 125,500 minimum protected."
request_104,0,not_affordable,not_recommended,none,,none,"Do not make this payment by 15 April 2025. None of the available options keeps the ZAR 24,700 minimum protected."
request_105,49021.72,not_affordable,not_recommended,none,,none,"Do not make this payment by 14 June 2026. None of the available options keeps the INR 73,900 minimum protected."
request_106,456.87,affordable_later,wait,2025-02-15:2207.70,2025-02-15,none,"Pay EUR 2,207.70 in full on 15 February 2025. Paying earlier would take the balance below the EUR 1,200 minimum."
request_107,2416.52,affordable_with_plan,installments,2025-05-08:878.59|2025-06-05:878.59|2025-07-03:878.59,2025-07-15,reduce_to:event_9959:42.5,"Use 3 installments of EUR 878.59, starting 8 May 2025. This leaves at least EUR 1,600 available."
request_108,0,not_affordable,not_recommended,none,,none,"Do not make this payment by 26 July 2026. None of the available options keeps the ZAR 24,100 minimum protected."
request_109,480.56,affordable_with_plan,installments,2024-03-18:645.98|2024-04-18:645.98|2024-05-19:645.98,2024-05-15,stop:event_10080|stop:event_10081,"Use 3 installments of EUR 645.98, starting 18 March 2024. This leaves at least EUR 1,700 available."
request_110,22352,affordable_with_plan,installments,2025-08-06:22352,2025-08-06,none,"Use 1 installments of ZAR 22,352, starting 6 August 2025. This leaves at least ZAR 11,200 available."
request_111,16625000,affordable_now,full_payment,2026-04-03:16625000,2026-04-03,none,"Pay IDR 16,625,000 today. This leaves at least IDR 23,022,800 available over the next 90 days."
request_112,271.7,affordable_now,full_payment,2024-06-05:271.70,2024-06-05,none,Pay EUR 271.70 today. This leaves at least EUR 500 available over the next 90 days.
request_113,20201.58,affordable_later,wait,2026-10-15:36500,2026-10-15,none,"Pay INR 36,500 in full on 15 October 2026. Paying earlier would take the balance below the INR 82,300 minimum."
request_114,55208.86,not_affordable,not_recommended,none,,none,"Do not make this payment by 14 January 2026. None of the available options keeps the INR 113,400 minimum protected."
request_115,14577.04,affordable_later,wait,2024-11-15:80500,2024-11-15,none,"Pay INR 80,500 in full on 15 November 2024. Paying earlier would take the balance below the INR 38,800 minimum."
request_116,7159.25,not_affordable,not_recommended,none,,none,"Do not make this payment by 16 April 2025. None of the available options keeps the INR 80,300 minimum protected."
request_117,858.24,affordable_with_plan,full_payment,2026-07-05:880,2026-07-15,stop:event_10833,"Stop the family streaming plan, then pay EUR 880 today. This leaves at least EUR 1,000 available."
request_118,98.9,not_affordable,not_recommended,none,,none,Do not make this payment by 8 February 2025. None of the available options keeps the EUR 600 minimum protected.
request_119,59172.48,affordable_with_plan,installments,2025-05-18:70546.67|2025-06-15:70546.67|2025-07-13:70546.67,2025-06-15,reduce_to:event_11057:2370,"Use 3 installments of INR 70,546.67, starting 18 May 2025. This leaves at least INR 151,200 available."
request_120,7714000,affordable_now,full_payment,2026-04-06:7714000,2026-04-06,none,"Pay IDR 7,714,000 today. This leaves at least IDR 20,050,300 available over the next 90 days."
request_121,633.6,affordable_now,full_payment,2024-03-03:633.60,2024-03-03,none,Pay USD 633.60 today. This leaves at least USD 800 available over the next 90 days.
request_122,20558000,affordable_with_plan,installments,2025-08-05:20558000,2025-08-05,none,"Use 1 installments of IDR 20,558,000, starting 5 August 2025. This leaves at least IDR 12,588,500 available."
request_123,4076000,affordable_now,full_payment,2026-01-07:4076000,2026-01-07,none,"Pay IDR 4,076,000 today. This leaves at least IDR 18,091,200 available over the next 90 days."
request_124,1456.6,affordable_with_plan,installments,2024-06-11:1076.12|2024-07-12:1076.12|2024-08-12:1076.12,2024-07-15,reduce_to:event_11480:38,"Use 3 installments of EUR 1,076.12, starting 11 June 2024. This leaves at least EUR 1,600 available."
request_125,0,not_affordable,not_recommended,none,,none,"Do not make this payment by 14 November 2025. None of the available options keeps the ZAR 11,300 minimum protected."
request_126,159600,affordable_now,full_payment,2026-07-03:159600,2026-07-03,none,"Pay INR 159,600 today. This leaves at least INR 129,700 available over the next 90 days."
request_127,6851.54,not_affordable,not_recommended,none,,none,"Do not make this payment by 18 October 2024. None of the available options keeps the ZAR 41,000 minimum protected."
request_128,25168,affordable_now,full_payment,2025-02-07:25168,2025-02-07,none,"Pay ZAR 25,168 today. This leaves at least ZAR 42,600 available over the next 90 days."
request_129,112.91,not_affordable,not_recommended,none,,none,Do not make this payment by 18 June 2026. None of the available options keeps the USD 800 minimum protected.
request_130,375.25,affordable_later,wait,2025-02-15:1978.80,2025-02-15,none,"Pay USD 1,978.80 in full on 15 February 2025. Paying earlier would take the balance below the USD 1,400 minimum."
request_131,1136.45,affordable_with_plan,installments,2025-05-06:643.14|2025-06-03:643.14|2025-07-01:643.14,2025-06-15,none,"Use 3 installments of USD 643.14, starting 6 May 2025. This leaves at least USD 1,100 available."
request_132,249.25,affordable_later,wait,2026-02-15:379.86,2026-02-15,none,"Pay USD 379.86 in full on 15 February 2026. Paying earlier would take the balance below the USD 1,100 minimum."
request_133,0,not_affordable,not_recommended,none,,none,"Do not make this payment by 29 March 2024. None of the available options keeps the IDR 9,986,200 minimum protected."
request_134,4380331.3,affordable_later,wait,2025-10-15:21831000,2025-10-15,none,"Pay IDR 21,831,000 in full on 15 October 2025. Paying earlier would take the balance below the IDR 15,902,500 minimum."
request_135,281.08,affordable_with_plan,full_payment,2026-07-06:304.80,2026-07-15,stop:event_12413|reduce_to:event_12458:17.5,"Stop the video streaming plan and reduce the lunch with colleagues to USD 17.50, then pay USD 304.80 today. This leaves at least USD 500 available."
request_136,528.47,affordable_with_plan,full_payment,2024-06-03:560.40,2024-06-15,reduce_to:event_12498:27.2,"Reduce the household shopping to USD 27.20, then pay USD 560.40 today. This leaves at least USD 1,100 available."
request_137,25043.91,not_affordable,not_recommended,none,,none,"Do not make this payment by 15 January 2026. None of the available options keeps the INR 71,800 minimum protected."
request_138,714.69,affordable_with_plan,partial_payment,2026-04-07:714.69|2026-04-15:542.25,2026-04-15,none,"Pay EUR 714.69 today and the remaining EUR 542.25 on 15 April 2026. This completes the full request and keeps the EUR 2,300 minimum protected."
request_139,1346.38,affordable_with_plan,installments,2024-09-07:802.88|2024-10-08:802.88|2024-11-08:802.88,2024-10-15,stop:event_12741,"Use 3 installments of USD 802.88, starting 7 September 2024. This leaves at least USD 1,500 available."
request_140,1443.4,not_affordable,not_recommended,none,,none,"Do not make this payment by 4 March 2025. None of the available options keeps the ZAR 21,600 minimum protected."
request_141,19086.75,not_affordable,not_recommended,none,,none,"Do not make this payment by 12 February 2026. None of the available options keeps the INR 67,300 minimum protected."
request_142,1263.6,affordable_now,full_payment,2024-12-05:1263.60,2024-12-05,none,"Pay USD 1,263.60 today. This leaves at least USD 1,700 available over the next 90 days."
request_143,2494.89,affordable_later,wait,2025-07-15:12584,2025-07-15,none,"Pay ZAR 12,584 in full on 15 July 2025. Paying earlier would take the balance below the ZAR 11,300 minimum."
request_144,233.34,affordable_now,full_payment,2026-07-04:233.34,2026-07-04,none,Pay USD 233.34 today. This leaves at least USD 600 available over the next 90 days.
request_145,0,not_affordable,not_recommended,none,,none,"Do not make this payment by 26 May 2024. None of the available options keeps the INR 155,400 minimum protected."
request_146,15962.42,not_affordable,not_recommended,none,,none,"Do not make this payment by 17 October 2025. None of the available options keeps the INR 108,600 minimum protected."
request_147,472.79,affordable_with_plan,installments,2026-04-08:391.63|2026-05-08:391.63|2026-06-07:391.63,2026-05-15,none,"Use 3 installments of EUR 391.63, starting 8 April 2026. This leaves at least EUR 900 available."
request_148,7348.96,affordable_with_plan,installments,2024-06-14:7710.56|2024-07-15:7710.56|2024-08-15:7710.56,2024-07-15,stop:event_13593,"Use 3 installments of ZAR 7,710.56, starting 14 June 2024. This leaves at least ZAR 20,000 available."
request_149,21792.49,not_affordable,not_recommended,none,,none,"Do not make this payment by 19 January 2026. None of the available options keeps the ZAR 42,100 minimum protected."
request_150,255.03,affordable_with_plan,installments,2026-01-06:171.98|2026-02-05:171.98|2026-03-07:171.98,2026-03-15,stop:event_13786|reduce_to:event_13787:16,"Use 3 installments of EUR 171.98, starting 6 January 2026. This leaves at least EUR 700 available."
request_151,26999000,affordable_now,full_payment,2024-09-03:26999000,2024-09-03,none,"Pay IDR 26,999,000 today. This leaves at least IDR 31,633,600 available over the next 90 days."
request_152,11068.85,affordable_with_plan,installments,2025-02-12:4812.43|2025-03-12:4812.43|2025-04-09:4812.43,2025-04-15,stop:event_13957|stop:event_13958|reduce_to:event_14024:234.3,"Use 3 installments of ZAR 4,812.43, starting 12 February 2025. This leaves at least ZAR 11,900 available."
request_153,0,not_affordable,not_recommended,none,,none,"Do not make this payment by 24 September 2026. None of the available options keeps the USD 1,400 minimum protected."
request_154,1596.64,affordable_with_plan,installments,2024-12-04:1625.80,2025-02-15,reduce_to:event_14186:27.2,"Use 1 installments of EUR 1,625.80, starting 4 December 2024. This leaves at least EUR 1,300 available."
request_155,112500,affordable_now,full_payment,2025-05-06:112500,2025-05-06,none,"Pay INR 112,500 today. This leaves at least INR 56,300 available over the next 90 days."
request_156,7971.85,affordable_later,wait,2026-06-15:43076,2026-06-15,none,"Pay ZAR 43,076 in full on 15 June 2026. Paying earlier would take the balance below the ZAR 26,900 minimum."
request_157,4669819.12,affordable_later,wait,2024-05-15:23503000,2024-05-15,none,"Pay IDR 23,503,000 in full on 15 May 2024. Paying earlier would take the balance below the IDR 15,714,100 minimum."
request_158,242600,affordable_with_plan,installments,2025-08-07:242600,2025-08-07,none,"Use 1 installments of INR 242,600, starting 7 August 2025. This leaves at least INR 131,400 available."
request_159,2485.5,not_affordable,not_recommended,none,,none,"Do not make this payment by 20 March 2026. None of the available options keeps the ZAR 8,700 minimum protected."
request_160,569.21,affordable_with_plan,installments,2024-06-13:432.05|2024-07-14:432.05|2024-08-14:432.05,2024-07-15,none,"Use 3 installments of EUR 432.05, starting 13 June 2024. This leaves at least EUR 1,200 available."
request_161,0,not_affordable,not_recommended,none,,none,"Do not make this payment by 15 January 2026. None of the available options keeps the IDR 23,010,400 minimum protected."
request_162,1553419.26,not_affordable,not_recommended,none,,none,"Do not make this payment by 26 August 2026. None of the available options keeps the IDR 24,161,100 minimum protected."
request_163,0,not_affordable,not_recommended,none,,none,"Do not make this payment by 15 November 2024. None of the available options keeps the IDR 26,728,700 minimum protected."
request_164,27018000,affordable_with_plan,installments,2025-02-04:27018000,2025-02-04,none,"Use 1 installments of IDR 27,018,000, starting 4 February 2025. This leaves at least IDR 29,550,500 available."
request_165,65902.03,affordable_with_plan,full_payment,2026-04-06:80600,,stop:event_15135|reduce_to:event_15136:1048,"Stop the video streaming plan and reduce the online retail purchases to INR 1,048, then pay INR 80,600 today. This leaves at least INR 95,000 available."
request_166,2907.6,affordable_with_plan,installments,2024-12-03:2907.60,2024-12-03,none,"Use 1 installments of USD 2,907.60, starting 3 December 2024. This leaves at least USD 1,700 available."
request_167,43802,affordable_now,full_payment,2025-05-05:43802,2025-05-05,none,"Pay ZAR 43,802 today. This leaves at least ZAR 31,200 available over the next 90 days."
request_168,29220.35,affordable_with_plan,partial_payment,2026-01-07:29220.35|2026-02-15:20159.65,2026-02-15,none,"Pay INR 29,220.35 today and the remaining INR 20,159.65 on 15 February 2026. This completes the full request and keeps the INR 114,400 minimum protected."
request_169,41976,affordable_now,full_payment,2024-03-04:41976,2024-03-04,none,"Pay ZAR 41,976 today. This leaves at least ZAR 18,700 available over the next 90 days."
request_170,29993182.8,affordable_with_plan,installments,2025-08-06:12804480|2025-09-03:12804480|2025-10-01:12804480,2025-09-15,none,"Use 3 installments of IDR 12,804,480, starting 6 August 2025. This leaves at least IDR 24,715,800 available."
request_171,33.48,not_affordable,not_recommended,none,,none,Do not make this payment by 10 September 2026. None of the available options keeps the EUR 500 minimum protected.
request_172,9076.11,affordable_with_plan,partial_payment,2024-06-05:9076.11|2024-06-15:1123.89,2024-06-15,none,"Pay ZAR 9,076.11 today and the remaining ZAR 1,123.89 on 15 June 2024. This completes the full request and keeps the ZAR 27,200 minimum protected."
request_173,0,not_affordable,not_recommended,none,,none,"Do not make this payment by 17 January 2026. None of the available options keeps the INR 79,100 minimum protected."
request_174,1083.16,affordable_with_plan,installments,2026-04-04:1146.20,,reduce_to:event_15976:16.8,"Use 1 installments of EUR 1,146.20, starting 4 April 2026. This leaves at least EUR 700 available."
request_175,2346.3,affordable_now,full_payment,2024-09-06:2346.30,2024-09-06,none,"Pay EUR 2,346.30 today. This leaves at least EUR 1,700 available over the next 90 days."
request_176,0,not_affordable,not_recommended,none,,none,Do not make this payment by 27 February 2025. None of the available options keeps the EUR 600 minimum protected.
request_177,1017.6,affordable_now,full_payment,2026-01-05:1017.60,2026-01-05,none,"Pay USD 1,017.60 today. This leaves at least USD 1,300 available over the next 90 days."
request_178,2938.1,affordable_with_plan,installments,2024-12-07:2938.10,2024-12-07,none,"Use 1 installments of EUR 2,938.10, starting 7 December 2024. This leaves at least EUR 1,400 available."
request_179,6509527.76,affordable_later,wait,2025-07-15:41648000,2025-07-15,none,"Pay IDR 41,648,000 in full on 15 July 2025. Paying earlier would take the balance below the IDR 41,430,800 minimum."
request_180,66500,affordable_now,full_payment,2026-07-06:66500,2026-07-06,none,"Pay INR 66,500 today. This leaves at least INR 37,300 available over the next 90 days."
request_181,422.87,not_affordable,not_recommended,none,,none,"Do not make this payment by 7 April 2024. None of the available options keeps the USD 2,000 minimum protected."
request_182,65714,affordable_now,full_payment,2025-08-05:65714,2025-08-05,none,"Pay ZAR 65,714 today. This leaves at least ZAR 31,100 available over the next 90 days."
request_183,23116132.83,affordable_with_plan,installments,2026-04-10:9313546.67|2026-05-10:9313546.67|2026-06-09:9313546.67,2026-05-15,none,"Use 3 installments of IDR 9,313,546.67, starting 10 April 2026. This leaves at least IDR 11,878,300 available."
request_184,12496.09,not_affordable,not_recommended,none,,none,"Do not make this payment by 30 July 2024. None of the available options keeps the INR 110,800 minimum protected."
request_185,322.09,affordable_later,wait,2026-01-15:1257.30,2026-01-15,none,"Pay EUR 1,257.30 in full on 15 January 2026. Paying earlier would take the balance below the EUR 1,300 minimum."
request_186,3753.71,not_affordable,not_recommended,none,,none,"Do not make this payment by 15 March 2026. None of the available options keeps the ZAR 22,000 minimum protected."
request_187,37989.45,affordable_later,wait,2024-11-15:187500,2024-11-15,none,"Pay INR 187,500 in full on 15 November 2024. Paying earlier would take the balance below the INR 128,300 minimum."
request_188,62.27,not_affordable,not_recommended,none,,none,Do not make this payment by 4 March 2025. None of the available options keeps the EUR 900 minimum protected.
request_189,488.4,affordable_now,full_payment,2026-07-04:488.40,2026-07-04,none,Pay EUR 488.40 today. This leaves at least EUR 400 available over the next 90 days.
request_190,454.58,affordable_later,wait,2025-02-15:2557.50,2025-02-15,none,"Pay EUR 2,557.50 in full on 15 February 2025. Paying earlier would take the balance below the EUR 1,600 minimum."
request_191,664.4,affordable_now,full_payment,2025-05-03:664.40,2025-05-03,none,Pay EUR 664.40 today. This leaves at least EUR 500 available over the next 90 days.
request_192,96.22,not_affordable,not_recommended,none,,none,"Do not make this payment by 11 May 2026. None of the available options keeps the USD 1,000 minimum protected."
request_193,37.71,affordable_with_plan,installments,2024-03-21:420.23|2024-04-21:420.23|2024-05-22:420.23,2024-05-15,none,"Use 3 installments of EUR 420.23, starting 21 March 2024. This leaves at least EUR 1,000 available."
request_194,35062.26,affordable_later,wait,2025-10-15:132800,2025-10-15,none,"Pay INR 132,800 in full on 15 October 2025. Paying earlier would take the balance below the INR 113,600 minimum."
request_195,968.96,affordable_with_plan,installments,2026-01-09:405.74|2026-02-08:405.74|2026-03-10:405.74,2026-02-15,none,"Use 3 installments of EUR 405.74, starting 9 January 2026. This leaves at least EUR 700 available."
request_196,762.3,affordable_now,full_payment,2024-06-03:762.30,2024-06-03,none,Pay EUR 762.30 today. This leaves at least EUR 500 available over the next 90 days.
request_197,19080722.96,not_affordable,not_recommended,none,,none,"Do not make this payment by 21 January 2026. None of the available options keeps the IDR 26,245,900 minimum protected."
request_198,185800,affordable_now,full_payment,2026-07-07:185800,2026-07-07,none,"Pay INR 185,800 today. This leaves at least INR 124,300 available over the next 90 days."
request_199,23674000,affordable_with_plan,installments,2024-09-04:23674000,2024-09-04,none,"Use 1 installments of IDR 23,674,000, starting 4 September 2024. This leaves at least IDR 25,359,500 available."
request_200,21717000,affordable_now,full_payment,2025-02-06:21717000,2025-02-06,none,"Pay IDR 21,717,000 today. This leaves at least IDR 20,114,600 available over the next 90 days."
request_201,22769580.29,affordable_with_plan,full_payment,2026-04-03:23997000,,stop:event_18492|stop:event_18493,"Stop the cloud storage plan and stop the streaming subscription, then pay IDR 23,997,000 today. This leaves at least IDR 17,304,500 available."
request_202,123900,affordable_now,full_payment,2024-12-05:123900,2024-12-05,none,"Pay INR 123,900 today. This leaves at least INR 147,800 available over the next 90 days."
request_203,1442.1,affordable_with_plan,installments,2025-05-07:1442.10,2025-05-07,none,"Use 1 installments of EUR 1,442.10, starting 7 May 2025. This leaves at least EUR 1,400 available."
request_204,588.74,affordable_now,full_payment,2026-01-04:588.74,2026-01-04,none,"Pay EUR 588.74 today. This leaves at least EUR 1,300 available over the next 90 days."
request_205,10621000,affordable_now,full_payment,2024-03-06:10621000,2024-03-06,none,"Pay IDR 10,621,000 today. This leaves at least IDR 13,994,300 available over the next 90 days."
request_206,1404.7,affordable_with_plan,installments,2025-08-03:1404.70,2025-08-03,none,"Use 1 installments of EUR 1,404.70, starting 3 August 2025. This leaves at least EUR 900 available."
request_207,4413.7,affordable_later,wait,2026-07-15:11830,2026-07-15,none,"Pay ZAR 11,830 in full on 15 July 2026. Paying earlier would take the balance below the ZAR 13,600 minimum."
request_208,3056556.18,affordable_later,wait,2024-06-15:4413000,2024-06-15,none,"Pay IDR 4,413,000 in full on 15 June 2024. Paying earlier would take the balance below the IDR 10,470,700 minimum."
request_209,1654.91,not_affordable,not_recommended,none,,none,"Do not make this payment by 25 November 2025. None of the available options keeps the ZAR 18,400 minimum protected."
request_210,847.99,affordable_with_plan,partial_payment,2026-04-06:847.99|2026-04-15:512.03,2026-04-15,none,"Pay USD 847.99 today and the remaining USD 512.03 on 15 April 2026. This completes the full request and keeps the USD 2,000 minimum protected."
request_211,287.1,affordable_later,wait,2024-11-15:1788.60,2024-11-15,none,"Pay EUR 1,788.60 in full on 15 November 2024. Paying earlier would take the balance below the EUR 1,500 minimum."
request_212,5314751.21,not_affordable,not_recommended,none,,none,"Do not make this payment by 28 February 2025. None of the available options keeps the IDR 29,579,800 minimum protected."
request_213,2332.5,not_affordable,not_recommended,none,,none,"Do not make this payment by 22 March 2026. None of the available options keeps the USD 2,100 minimum protected."
request_214,42970.32,affordable_with_plan,installments,2024-12-04:36270|2025-01-01:36270,2024-12-15,none,"Use 2 installments of INR 36,270, starting 4 December 2024. This leaves at least INR 174,900 available."
request_215,29986,affordable_with_plan,installments,2025-05-06:29986,2025-05-06,none,"Use 1 installments of ZAR 29,986, starting 6 May 2025. This leaves at least ZAR 15,700 available."
request_216,474.11,not_affordable,not_recommended,none,,none,"Do not make this payment by 15 September 2026. None of the available options keeps the USD 1,800 minimum protected."
request_217,19282.19,affordable_with_plan,installments,2024-03-19:12889.07|2024-04-19:12889.07|2024-05-20:12889.07,2024-05-15,reduce_to:event_19979:561.44,"Use 3 installments of ZAR 12,889.07, starting 19 March 2024. This leaves at least ZAR 26,800 available."
request_218,24466576.78,affordable_with_plan,installments,2025-08-07:21195893.33|2025-09-04:21195893.33|2025-10-02:21195893.33,2025-09-15,none,"Use 3 installments of IDR 21,195,893.33, starting 7 August 2025. This leaves at least IDR 34,477,200 available."
request_219,698.4,affordable_with_plan,installments,2026-04-07:580.01|2026-05-07:580.01|2026-06-06:580.01,2026-05-15,none,"Use 3 installments of EUR 580.01, starting 7 April 2026. This leaves at least EUR 1,100 available."
request_220,55.49,not_affordable,not_recommended,none,,none,"Do not make this payment by 3 July 2024. None of the available options keeps the EUR 1,100 minimum protected."
request_221,109800,affordable_now,full_payment,2025-11-03:109800,2025-11-03,none,"Pay INR 109,800 today. This leaves at least INR 81,500 available over the next 90 days."
request_222,34078,affordable_now,full_payment,2026-01-05:34078,2026-01-05,none,"Pay ZAR 34,078 today. This leaves at least ZAR 27,300 available over the next 90 days."
request_223,898.7,affordable_now,full_payment,2024-09-07:898.70,2024-09-07,none,Pay EUR 898.70 today. This leaves at least EUR 800 available over the next 90 days.
request_224,10327000,affordable_with_plan,installments,2025-02-04:10327000,2025-02-04,none,"Use 1 installments of IDR 10,327,000, starting 4 February 2025. This leaves at least IDR 22,187,600 available."
request_225,9533802.88,affordable_with_plan,installments,2026-07-20:7647120|2026-08-19:7647120|2026-09-18:7647120,2026-09-15,reduce_to:event_20649:314450,"Use 3 installments of IDR 7,647,120, starting 20 July 2026. This leaves at least IDR 17,670,700 available."
request_226,0,not_affordable,not_recommended,none,,none,"Do not make this payment by 15 January 2025. None of the available options keeps the INR 209,400 minimum protected."
request_227,7114,not_affordable,not_recommended,none,,none,"Do not make this payment by 20 June 2025. None of the available options keeps the INR 62,900 minimum protected."
request_228,1448291.88,not_affordable,not_recommended,none,,none,"Do not make this payment by 30 April 2026. None of the available options keeps the IDR 26,191,200 minimum protected."
request_229,504.17,affordable_with_plan,installments,2024-03-18:529.29|2024-04-18:529.29|2024-05-19:529.29,2024-05-15,none,"Use 3 installments of EUR 529.29, starting 18 March 2024. This leaves at least EUR 1,000 available."
request_230,3537.6,affordable_now,full_payment,2025-08-06:3537.60,2025-08-06,none,"Pay EUR 3,537.60 today. This leaves at least EUR 2,000 available over the next 90 days."
request_231,30342.02,affordable_with_plan,installments,2026-01-06:12378.08|2026-02-05:12378.08|2026-03-07:12378.08,2026-02-15,reduce_to:event_21305:845.9,"Use 3 installments of ZAR 12,378.08, starting 6 January 2026. This leaves at least ZAR 24,300 available."
request_232,482.14,not_affordable,not_recommended,none,,none,"Do not make this payment by 15 August 2024. None of the available options keeps the EUR 2,400 minimum protected."
request_233,0,not_affordable,not_recommended,none,,none,"Do not make this payment by 17 December 2025. None of the available options keeps the IDR 10,365,700 minimum protected."
request_234,183.81,affordable_later,wait,2026-09-15:1213.30,2026-09-15,none,"Pay EUR 1,213.30 in full on 15 September 2026. Paying earlier would take the balance below the EUR 700 minimum."
request_235,967.2,affordable_now,full_payment,2024-09-06:967.20,2024-09-06,none,Pay USD 967.20 today. This leaves at least USD 700 available over the next 90 days.
request_236,6040273.57,not_affordable,not_recommended,none,,none,"Do not make this payment by 23 February 2025. None of the available options keeps the IDR 16,768,600 minimum protected."
request_237,22255222.5,affordable_with_plan,full_payment,2026-04-05:23826000,,reduce_to:event_21813:548720,"Reduce the clothing and household items to IDR 548,720, then pay IDR 23,826,000 today. This leaves at least IDR 22,431,500 available."
request_238,663.6,affordable_with_plan,installments,2024-12-07:663.60,2024-12-07,none,"Use 1 installments of USD 663.60, starting 7 December 2024. This leaves at least USD 700 available."
request_239,642,affordable_now,full_payment,2025-05-04:642,2025-05-04,none,Pay USD 642 today. This leaves at least USD 600 available over the next 90 days.
request_240,13823.81,not_affordable,not_recommended,none,,none,"Do not make this payment by 20 March 2026. None of the available options keeps the INR 52,800 minimum protected."
request_241,21052000,affordable_with_plan,installments,2024-03-03:21052000,2024-03-03,none,"Use 1 installments of IDR 21,052,000, starting 3 March 2024. This leaves at least IDR 19,252,000 available."
request_242,24.18,not_affordable,not_recommended,none,,none,Do not make this payment by 25 August 2025. None of the available options keeps the EUR 600 minimum protected.
request_243,17468,affordable_now,full_payment,2026-07-07:17468,2026-07-07,none,"Pay ZAR 17,468 today. This leaves at least ZAR 19,900 available over the next 90 days."
request_244,49918,affordable_now,full_payment,2024-06-04:49918,2024-06-04,none,"Pay ZAR 49,918 today. This leaves at least ZAR 45,900 available over the next 90 days."
request_245,0,not_affordable,not_recommended,none,,none,"Do not make this payment by 15 January 2026. None of the available options keeps the INR 94,600 minimum protected."
request_246,64086,affordable_with_plan,installments,2026-04-03:64086,2026-04-03,none,"Use 1 installments of ZAR 64,086, starting 3 April 2026. This leaves at least ZAR 39,300 available."
request_247,1059.3,affordable_now,full_payment,2024-09-05:1059.30,2024-09-05,none,"Pay EUR 1,059.30 today. This leaves at least EUR 1,300 available over the next 90 days."
request_248,0,not_affordable,not_recommended,none,,none,"Do not make this payment by 28 April 2025. None of the available options keeps the USD 1,300 minimum protected."
request_249,129.48,affordable_later,wait,2026-03-15:643.20,2026-03-15,none,Pay USD 643.20 in full on 15 March 2026. Paying earlier would take the balance below the USD 600 minimum.
request_250,15513.41,not_affordable,not_recommended,none,,none,"Do not make this payment by 18 January 2025. None of the available options keeps the ZAR 35,300 minimum protected."
request_251,739.19,not_affordable,not_recommended,none,,none,"Do not make this payment by 6 June 2025. None of the available options keeps the EUR 1,300 minimum protected."
request_252,3678602.56,affordable_later,wait,2026-09-15:28082000,2026-09-15,none,"Pay IDR 28,082,000 in full on 15 September 2026. Paying earlier would take the balance below the IDR 15,152,200 minimum."
request_253,1557.54,affordable_with_plan,installments,2024-03-21:984.60|2024-04-21:984.60|2024-05-22:984.60,2024-05-15,none,"Use 3 installments of EUR 984.60, starting 21 March 2024. This leaves at least EUR 2,300 available."
request_254,627.46,affordable_later,wait,2025-10-15:3535.20,2025-10-15,none,"Pay USD 3,535.20 in full on 15 October 2025. Paying earlier would take the balance below the USD 2,500 minimum."
request_255,812392.97,not_affordable,not_recommended,none,,none,"Do not make this payment by 15 June 2026. None of the available options keeps the IDR 9,813,900 minimum protected."
request_256,151164.03,affordable_with_plan,installments,2024-06-10:75816|2024-07-11:75816|2024-08-11:75816,2024-07-15,none,"Use 3 installments of INR 75,816, starting 10 June 2024. This leaves at least INR 168,600 available."
request_257,339.51,affordable_later,wait,2026-01-15:1352.40,2026-01-15,none,"Pay USD 1,352.40 in full on 15 January 2026. Paying earlier would take the balance below the USD 1,600 minimum."
request_258,1113.6,affordable_now,full_payment,2026-01-07:1113.60,2026-01-07,none,"Pay USD 1,113.60 today. This leaves at least USD 500 available over the next 90 days."
request_259,252.87,affordable_later,wait,2024-11-15:935,2024-11-15,none,Pay EUR 935 in full on 15 November 2024. Paying earlier would take the balance below the EUR 600 minimum.
request_260,6113506.56,not_affordable,not_recommended,none,,none,"Do not make this payment by 18 April 2025. None of the available options keeps the IDR 20,727,700 minimum protected."
request_261,1830.4,affordable_now,full_payment,2026-07-03:1830.40,2026-07-03,none,"Pay EUR 1,830.40 today. This leaves at least EUR 1,500 available over the next 90 days."
request_262,9236000,affordable_now,full_payment,2024-12-05:9236000,2024-12-05,none,"Pay IDR 9,236,000 today. This leaves at least IDR 31,018,500 available over the next 90 days."
request_263,0,not_affordable,not_recommended,none,,none,"Do not make this payment by 15 June 2025. None of the available options keeps the ZAR 24,100 minimum protected."
request_264,27460.7,affordable_later,wait,2026-06-15:111300,2026-06-15,none,"Pay INR 111,300 in full on 15 June 2026. Paying earlier would take the balance below the INR 59,500 minimum."
request_265,0,not_affordable,not_recommended,none,,none,"Do not make this payment by 21 March 2024. None of the available options keeps the INR 189,700 minimum protected."
request_266,773.79,affordable_with_plan,installments,2025-08-03:324.13|2025-08-31:324.13|2025-09-28:324.13,2025-09-15,none,"Use 3 installments of EUR 324.13, starting 3 August 2025. This leaves at least EUR 900 available."
request_267,1640.88,affordable_with_plan,installments,2026-01-08:667.33|2026-02-07:667.33|2026-03-09:667.33,2026-02-15,stop:event_24573,"Use 3 installments of EUR 667.33, starting 8 January 2026. This leaves at least EUR 1,500 available."
request_268,1037.68,affordable_with_plan,installments,2024-06-14:841.22|2024-07-15:841.22|2024-08-15:841.22,2024-07-15,none,"Use 3 installments of EUR 841.22, starting 14 June 2024. This leaves at least EUR 1,400 available."
request_269,10003.35,affordable_later,wait,2025-12-15:15490,2025-12-15,none,"Pay ZAR 15,490 in full on 15 December 2025. Paying earlier would take the balance below the ZAR 23,100 minimum."
request_270,116.55,not_affordable,not_recommended,none,,none,"Do not make this payment by 30 August 2026. None of the available options keeps the USD 1,400 minimum protected."
request_271,0,not_affordable,not_recommended,none,,none,"Do not make this payment by 15 November 2024. None of the available options keeps the INR 58,200 minimum protected."
request_272,5414835.81,affordable_with_plan,installments,2025-02-12:4709466.67|2025-03-12:4709466.67|2025-04-09:4709466.67,2025-03-15,none,"Use 3 installments of IDR 4,709,466.67, starting 12 February 2025. This leaves at least IDR 7,508,600 available."
request_273,9490065.67,affordable_with_plan,installments,2026-04-07:5498480|2026-05-05:5498480|2026-06-02:5498480,2026-04-15,none,"Use 3 installments of IDR 5,498,480, starting 7 April 2026. This leaves at least IDR 18,774,600 available."
request_274,2128.87,affordable_with_plan,installments,2024-12-04:940.75|2025-01-04:940.75|2025-02-04:940.75,2025-02-15,reduce_to:event_25181:51.6,"Use 3 installments of EUR 940.75, starting 4 December 2024. This leaves at least EUR 1,800 available."
request_275,15884000,affordable_now,full_payment,2025-05-06:15884000,2025-05-06,none,"Pay IDR 15,884,000 today. This leaves at least IDR 12,760,100 available over the next 90 days."
